Andrew,Benjamin,Chris,David,Earl,Frank,George,Harry,Isaiah,Jack,Kyle,Landry,Mark,Nick,Oscar,Phil,Quinn,Rob,Steve,Tim,Ulysses,Victor,Walter,Xavier,Yosef,Zach
Chloe,Ella,Wendy,Holly,Yoko,Felicia,Allie,Ella,Xia,Lynn,Felicia,Phyllis,Phyllis,Allie,Victoria,Phyllis,Yoko,Zoe,Ella,Zoe,Jackie,Jackie,Zoe,Allie,Tilly,Jackie
Victoria,Olivia,Tilly,Xia,Deandra,Tilly,Wendy,Holly,Nicole,Holly,Deandra,Gillian,Iris,Holly,Xia,Lynn,Phyllis,Deandra,Sydney,Nicole,Victoria,Queen,Holly,Iris,Iris,Allie
Sydney,Yoko,Ursula,Wendy,Zoe,Wendy,Gillian,Tilly,Rashida,Kate,Phyllis,Sydney,Tilly,Wendy,Sydney,Michelle,Gillian,Sydney,Allie,Sydney,Chloe,Zoe,Yoko,Bonnie,Sydney,Sydney
Rashida,Zoe,Nicole,Jackie,Queen,Bonnie,Rashida,Deandra,Ella,Chloe,Sydney,Lynn,Chloe,Yoko,Ella,Victoria,Sydney,Allie,Xia,Chloe,Yoko,Michelle,Deandra,Ursula,Bonnie,Michelle
Deandra,Michelle,Queen,Chloe,Bonnie,Allie,Jackie,Olivia,Lynn,Jackie,Yoko,Nicole,Michelle,Nicole,Michelle,Tilly,Lynn,Wendy,Michelle,Kate,Rashida,Kate,Allie,Felicia,Olivia,Olivia
Lynn,Chloe,Kate,Iris,Lynn,Victoria,Nicole,Zoe,Sydney,Bonnie,Zoe,Zoe,Bonnie,Olivia,Yoko,Wendy,Rashida,Bonnie,Victoria,Michelle,Zoe,Victoria,Kate,Chloe,Wendy,Victoria
Xia,Allie,Ella,Sydney,Ursula,Olivia,Kate,Yoko,Felicia,Tilly,Kate,Deandra,Yoko,Lynn,Deandra,Olivia,Tilly,Kate,Holly,Gillian,Olivia,Felicia,Wendy,Olivia,Phyllis,Xia
Ella,Phyllis,Deandra,Allie,Jackie,Gillian,Lynn,Kate,Deandra,Yoko,Ella,Olivia,Jackie,Sydney,Iris,Sydney,Wendy,Chloe,Bonnie,Xia,Lynn,Iris,Ursula,Holly,Ella,Felicia
Michelle,Nicole,Michelle,Olivia,Phyllis,Zoe,Holly,Gillian,Holly,Nicole,Gillian,Queen,Deandra,Bonnie,Olivia,Jackie,Bonnie,Phyllis,Tilly,Holly,Sydney,Rashida,Xia,Wendy,Allie,Tilly
Olivia,Felicia,Olivia,Yoko,Iris,Sydney,Xia,Felicia,Ursula,Sydney,Ursula,Chloe,Xia,Zoe,Lynn,Gillian,Jackie,Xia,Wendy,Ella,Deandra,Xia,Bonnie,Sydney,Ursula,Queen
Queen,Bonnie,Felicia,Ursula,Olivia,Rashida,Zoe,Jackie,Wendy,Victoria,Victoria,Rashida,Kate,Phyllis,Kate,Queen,Deandra,Felicia,Rashida,Yoko,Xia,Nicole,Jackie,Nicole,Queen,Ella
Yoko,Kate,Rashida,Phyllis,Wendy,Ella,Sydney,Lynn,Phyllis,Gillian,Xia,Ursula,Victoria,Ursula,Tilly,Bonnie,Chloe,Ella,Yoko,Olivia,Kate,Deandra,Gillian,Phyllis,Kate,Nicole
Iris,Ursula,Sydney,Bonnie,Michelle,Nicole,Chloe,Michelle,Michelle,Olivia,Wendy,Xia,Sydney,Victoria,Allie,Yoko,Olivia,Jackie,Nicole,Allie,Queen,Sydney,Ella,Xia,Michelle,Bonnie
Felicia,Xia,Phyllis,Gillian,Tilly,Iris,Victoria,Wendy,Yoko,Queen,Holly,Holly,Zoe,Rashida,Holly,Allie,Iris,Lynn,Queen,Wendy,Wendy,Phyllis,Iris,Yoko,Deandra,Wendy
Kate,Gillian,Xia,Ella,Chloe,Michelle,Iris,Sydney,Chloe,Zoe,Lynn,Ella,Wendy,Deandra,Felicia,Felicia,Kate,Holly,Kate,Bonnie,Ella,Yoko,Nicole,Tilly,Lynn,Yoko
Ursula,Lynn,Zoe,Victoria,Sydney,Lynn,Michelle,Victoria,Kate,Xia,Michelle,Tilly,Holly,Xia,Ursula,Holly,Ursula,Iris,Felicia,Felicia,Gillian,Tilly,Michelle,Michelle,Yoko,Zoe
Wendy,Tilly,Jackie,Michelle,Xia,Chloe,Felicia,Chloe,Tilly,Allie,Rashida,Victoria,Rashida,Tilly,Wendy,Ursula,Victoria,Ursula,Ursula,Victoria,Michelle,Wendy,Rashida,Jackie,Felicia,Rashida
Tilly,Wendy,Yoko,Tilly,Kate,Kate,Deandra,Rashida,Queen,Deandra,Jackie,Felicia,Lynn,Queen,Phyllis,Kate,Zoe,Victoria,Jackie,Tilly,Holly,Chloe,Sydney,Zoe,Rashida,Gillian
Zoe,Sydney,Iris,Kate,Holly,Deandra,Tilly,Bonnie,Gillian,Ursula,Iris,Michelle,Nicole,Gillian,Jackie,Chloe,Michelle,Gillian,Zoe,Rashida,Tilly,Gillian,Chloe,Gillian,Xia,Kate
Phyllis,Rashida,Bonnie,Zoe,Rashida,Ursula,Queen,Nicole,Zoe,Phyllis,Bonnie,Kate,Allie,Kate,Chloe,Nicole,Xia,Michelle,Chloe,Jackie,Nicole,Holly,Lynn,Ella,Holly,Ursula
Nicole,Holly,Lynn,Lynn,Nicole,Holly,Ursula,Xia,Victoria,Ella,Tilly,Iris,Felicia,Jackie,Rashida,Rashida,Nicole,Rashida,Phyllis,Iris,Bonnie,Lynn,Phyllis,Lynn,Zoe,Holly
Jackie,Iris,Gillian,Queen,Ella,Phyllis,Phyllis,Queen,Allie,Wendy,Queen,Wendy,Ursula,Ella,Gillian,Iris,Ella,Nicole,Gillian,Deandra,Iris,Allie,Queen,Rashida,Chloe,Deandra
Gillian,Victoria,Holly,Rashida,Allie,Queen,Ella,Ursula,Iris,Felicia,Allie,Bonnie,Gillian,Chloe,Nicole,Xia,Holly,Olivia,Lynn,Queen,Phyllis,Ursula,Olivia,Victoria,Nicole,Lynn
Holly,Deandra,Allie,Deandra,Felicia,Yoko,Yoko,Phyllis,Bonnie,Michelle,Chloe,Yoko,Ella,Iris,Zoe,Deandra,Allie,Queen,Olivia,Phyllis,Ursula,Ella,Victoria,Queen,Victoria,Iris
Allie,Queen,Victoria,Felicia,Gillian,Jackie,Bonnie,Allie,Jackie,Iris,Nicole,Allie,Olivia,Felicia,Bonnie,Ella,Queen,Yoko,Iris,Lynn,Felicia,Bonnie,Tilly,Kate,Jackie,Phyllis
Bonnie,Jackie,Chloe,Nicole,Victoria,Xia,Olivia,Iris,Olivia,Rashida,Olivia,Jackie,Queen,Michelle,Queen,Zoe,Felicia,Tilly,Deandra,Ursula,Allie,Olivia,Felicia,Deandra,Gillian,Chloe
