Allie,Bonnie,Chloe,Deandra,Ella,Felicia,Gillian,Holly,Iris,Jackie,Kate,Lynn,Michelle,Nicole,Olivia,Phyllis,Queen,Rashida,Sydney,Tilly,Ursula,Victoria,Wendy,Xia,Yoko,Zoe
Earl,Nick,Tim,Frank,Xavier,Quinn,Chris,Andrew,David,Zach,Harry,Rob,Kyle,Mark,Steve,George,Ulysses,Isaiah,David,Harry,Steve,Zach,Chris,Tim,David,Rob
Isaiah,Rob,Earl,Quinn,Yosef,Kyle,Benjamin,Landry,Harry,Harry,George,Xavier,Yosef,David,Tim,Quinn,Victor,Phil,Walter,Ulysses,Chris,Benjamin,Oscar,Mark,Benjamin,Oscar
Ulysses,Kyle,David,Mark,David,Oscar,Andrew,Benjamin,Ulysses,Isaiah,Ulysses,David,Rob,Rob,Mark,Frank,Walter,Mark,Earl,Kyle,Victor,Earl,David,Isaiah,Rob,Nick
Xavier,Isaiah,Walter,Xavier,Kyle,George,Steve,Victor,Benjamin,Benjamin,Victor,Andrew,Xavier,Nick,Xavier,Ulysses,Andrew,Xavier,George,Zach,Xavier,Ulysses,Kyle,Frank,Frank,Jack
George,Xavier,Quinn,Jack,Victor,Walter,Landry,Xavier,Victor,Frank,Nick,Earl,Benjamin,Benjamin,Frank,Nick,Phil,Frank,Phil,Walter,Jack,Steve,Victor,Phil,Jack,Andrew
Harry,Mark,Ulysses,Oscar,Isaiah,Xavier,Nick,Nick,Isaiah,Andrew,Xavier,Victor,Tim,Ulysses,David,Jack,Nick,Harry,Victor,Earl,Oscar,Isaiah,Xavier,Rob,Walter,Chris
Benjamin,Earl,Landry,Harry,Zach,Isaiah,Yosef,Walter,Xavier,Nick,Steve,Phil,Quinn,Yosef,George,Isaiah,Frank,Walter,Rob,Landry,Rob,Walter,George,Oscar,Yosef,George
Rob,Tim,Zach,Nick,Landry,Andrew,Zach,Frank,Yosef,Walter,Quinn,Isaiah,Walter,Landry,Jack,Earl,David,Andrew,Tim,Quinn,Ulysses,Tim,Nick,Nick,Phil,Benjamin
Frank,Frank,Nick,Benjamin,Ulysses,Harry,George,George,Rob,Chris,Rob,Yosef,Isaiah,Steve,Rob,Benjamin,Tim,Yosef,Andrew,Victor,Landry,Andrew,Benjamin,Kyle,Isaiah,Tim
David,Chris,Andrew,Isaiah,Benjamin,Steve,Rob,Isaiah,Landry,Tim,Jack,Walter,Andrew,Victor,Kyle,Landry,Landry,Rob,Mark,Oscar,Nick,Quinn,Jack,Landry,Quinn,Ulysses
Andrew,Zach,Benjamin,George,Nick,Jack,Earl,Phil,Quinn,David,Earl,Benjamin,Nick,Andrew,Walter,Andrew,Harry,Jack,Landry,David,Andrew,Landry,Isaiah,Xavier,George,Earl
Yosef,Benjamin,Frank,Earl,George,Tim,Oscar,Rob,Steve,Yosef,Kyle,Ulysses,Chris,Isaiah,Landry,Victor,Xavier,Benjamin,Chris,Steve,Tim,Mark,Rob,George,Xavier,Quinn
Tim,Ulysses,Oscar,Landry,Quinn,Victor,Jack,Harry,Zach,Jack,Benjamin,Quinn,Mark,Phil,Earl,Tim,Isaiah,Quinn,Jack,Xavier,George,Phil,Mark,Ulysses,Harry,David
Landry,Phil,Chris,Zach,Phil,Landry,Victor,David,Tim,Victor,Frank,Landry,Ulysses,Quinn,Chris,Chris,Yosef,Kyle,Zach,Frank,Frank,George,Harry,Quinn,Zach,Kyle
Victor,George,Steve,Walter,Earl,David,Phil,Oscar,Earl,Phil,Phil,Harry,Frank,Harry,Harry,Walter,Benjamin,Earl,Kyle,Mark,Walter,Yosef,Tim,Jack,Earl,Isaiah
Steve,Landry,Yosef,Ulysses,Mark,Chris,Quinn,Kyle,Chris,Earl,Yosef,Mark,David,Walter,Quinn,Zach,Mark,Steve,Isaiah,George,Yosef,David,Walter,Steve,Kyle,Frank
Kyle,Oscar,Phil,Andrew,Jack,Nick,Xavier,Yosef,George,Ulysses,Zach,Zach,Steve,Kyle,Zach,Rob,Chris,Oscar,Nick,Yosef,Zach,Rob,Earl,Yosef,Mark,Harry
Nick,Harry,Rob,Yosef,Harry,Earl,Isaiah,Steve,Oscar,Quinn,Tim,Kyle,Victor,Earl,Nick,Steve,George,Landry,Yosef,Phil,Earl,Oscar,Frank,Zach,Landry,Yosef
Mark,Walter,Kyle,Kyle,Andrew,Ulysses,Harry,Jack,Nick,Rob,Mark,Nick,Oscar,Jack,Benjamin,Mark,Jack,Nick,Quinn,Nick,Isaiah,Kyle,Phil,Earl,Andrew,Mark
Zach,David,Jack,Victor,Oscar,Phil,Frank,Ulysses,Kyle,Landry,Oscar,Tim,Harry,Tim,Yosef,Harry,Earl,Ulysses,Steve,Benjamin,Quinn,Jack,Yosef,Harry,Ulysses,Victor
Jack,Jack,Mark,Phil,Chris,Benjamin,David,Mark,Jack,Oscar,Chris,Frank,Jack,Oscar,Isaiah,Yosef,Steve,David,Harry,Andrew,Phil,Victor,Landry,David,Tim,Xavier
Quinn,Andrew,George,David,Tim,Zach,Ulysses,Tim,Mark,Kyle,Walter,George,Zach,Zach,Victor,David,Quinn,Tim,Ulysses,Jack,Mark,Nick,Andrew,Andrew,Victor,Phil
Walter,Yosef,Harry,Tim,Walter,Frank,Kyle,Zach,Phil,Xavier,Isaiah,Jack,Earl,Chris,Ulysses,Kyle,Kyle,George,Frank,Rob,Harry,Harry,Steve,Benjamin,Nick,Walter
Oscar,Victor,Isaiah,Steve,Steve,Mark,Tim,Chris,Walter,George,Andrew,Chris,Landry,Xavier,Oscar,Phil,Zach,Chris,Benjamin,Chris,Benjamin,Chris,Quinn,Walter,Chris,Zach
Phil,Quinn,Victor,Rob,Frank,Yosef,Walter,Earl,Frank,Mark,David,Steve,Phil,George,Phil,Xavier,Oscar,Zach,Xavier,Isaiah,Kyle,Xavier,Ulysses,Chris,Oscar,Steve
Chris,Steve,Xavier,Chris,Rob,Rob,Mark,Quinn,Andrew,Steve,Landry,Oscar,George,Frank,Andrew,Oscar,Rob,Victor,Oscar,Tim,David,Frank,Zach,Victor,Steve,Landry
